type,bottom_depth_m,date,station,depth_m,model_type,ps,alpha,beta,p0,pm,ek,im,ib,alpha_b,beta_b,pb_max,rss,r2,pi,method,sample_type,snow_thickness,sample_source,quality_control,mission
B,360,2015-04-18,108,5,model1,0.153270686,0.001453648,0,0.04386378,0.153270686,105.4386409,Inf,Inf,0.017429834,0,1.837778007,0.046964391,0.151459904,"Ferland, J.",14C P vs. E curve,water,NA,niskin,"warning, value ""Inf"" detected",ice_camp_2015
B,360,2015-04-22,112,1.5,model1,0.102346104,0.00183271,8.6e-5,-0.012408376,0.084509412,46.11171386,173.4232726,1190.603039,0.017128133,8.03e-4,0.789807589,2.72e-4,0.958545372,"Ferland, J.",14C P vs. E curve,water,NA,niskin,NA,ice_camp_2015
B,360,2015-04-22,112,5,model1,9.997643625,0.001738258,0.09690305,-0.018466187,0.06538947,37.61781769,102.257177,103.1716098,0.023269852,1.29722958,0.875361042,7.59e-5,0.937025162,"Ferland, J.",14C P vs. E curve,water,NA,niskin,NA,ice_camp_2015
B,360,2015-04-22,112,20,model1,0.071967654,0.002836839,3.91e-5,-0.027038925,0.066902751,23.58355559,109.0155723,1839.096149,0.035638681,4.92e-4,0.840486818,1.96e-4,0.907729254,"Ferland, J.",14C P vs. E curve,water,NA,niskin,NA,ice_camp_2015
B,360,2015-04-24,114,1.5,model1,0.214694966,0.001776886,6.33e-4,0.008672084,0.098322723,55.33427361,161.528645,339.1705356,0.030530696,0.01087629,1.689393864,9.27e-5,0.990847898,"Ferland, J.",14C P vs. E curve,water,NA,niskin,NA,ice_camp_2015
B,360,2015-04-24,114,5,model1,0.105222625,0.002463778,4.76e-5,-0.005057765,0.095617796,38.80941927,169.3875472,2211.550215,0.016602278,3.21e-4,0.644324768,0.001098535,0.876788468,"Ferland, J.",14C P vs. E curve,water,NA,niskin,NA,ice_camp_2015
B,360,2015-04-24,114,20,model2,0.046370897,0.001666968,NA,-0.003780652,NA,NA,NA,NA,0.021181295,NA,NA,2.02e-5,0.98206477,"Ferland, J.",14C P vs. E curve,water,NA,niskin,NA,ice_camp_2015
B,360,2015-04-28,118,1.5,model2,0.170459212,0.003262221,NA,-0.002848783,NA,NA,NA,NA,0.017586098,NA,NA,0.001732626,0.940578103,"Ferland, J.",14C P vs. E curve,water,NA,niskin,NA,ice_camp_2015
B,360,2015-04-28,118,5,model2,0.120836892,0.004537825,NA,-0.020638355,NA,NA,NA,NA,0.022757397,NA,NA,3.62e-4,0.973306526,"Ferland, J.",14C P vs. E curve,water,NA,niskin,NA,ice_camp_2015
B,360,2015-04-28,118,14,model1,0.108723711,0.003233615,1.02e-4,-0.0270964,0.094441703,29.20623124,117.3279599,1068.207402,0.026636037,8.38e-4,0.77793824600000006,9.39e-5,0.985768603,"Ferland, J.",14C P vs. E curve,water,NA,niskin,NA,ice_camp_2015
B,360,2015-04-28,118,NA,model1,10,0.239506639,0.010556856,-2.417689241,8.330710305,34.78279498,132.1441188,947.2517333,0.011477221,5.06e-4,0.399209824,1.437811624,0.976164795,"Ferland, J.",14C P vs. E curve,ice,thin_snow,NA,NA,ice_camp_2015
B,360,2015-04-28,118,NA,model1,7.312471798,0.162519549,0.017348227,-1.160098571,5.147486919,31.67303221,105.2298613,421.5111942,0.008979758,9.59e-4,0.284416177,0.064760809,0.996678886,"Ferland, J.",14C P vs. E curve,ice,thick_snow,NA,NA,ice_camp_2015
B,360,2015-04-30,120,1.5,model2,0.063683447,0.001510791,NA,-0.00580885,NA,NA,NA,NA,2.07e-4,NA,NA,1.86e-4,0.951919892,"Ferland, J.",14C P vs. E curve,water,NA,niskin,NA,ice_camp_2015
B,360,2015-04-30,120,5,model1,0.057961416,0.001382724,6.95e-5,-0.008916313,0.047363926,34.25406307,127.3855085,833.4314519,1.89e-4,9.51e-6,0.00648003,6.62e-5,0.973410516,"Ferland, J.",14C P vs. E curve,water,NA,niskin,NA,ice_camp_2015
B,360,2015-04-30,120,20,model1,9.99932931,0.00325283,0.146529367,-0.013870806,0.080765879,24.82941616,67.49470648,68.24112827,4.45e-4,0.020047211,0.011049871,3.72e-5,0.987477712,"Ferland, J.",14C P vs. E curve,water,NA,niskin,NA,ice_camp_2015
B,360,2015-04-30,120,0,model2,0.12418494,0.003744128,NA,-0.03537094,NA,NA,NA,NA,5.12e-4,NA,NA,1.43e-4,0.988348397,"Ferland, J.",14C P vs. E curve,water,NA,underice,NA,ice_camp_2015
B,360,2015-04-30,120,NA,model2,4.167068692,0.105127487,NA,-0.803269141,NA,NA,NA,NA,0.014382871,NA,NA,0.179043354,0.98719766,"Ferland, J.",14C P vs. E curve,ice,thin_snow,NA,NA,ice_camp_2015
B,360,2015-05-04,124,1.5,model1,0.238096114,0.008909777,1.32e-4,-0.063424313,0.220409175,24.73790109,113.011487,1807.762934,4.13e-4,6.11e-6,0.010223031,8.09e-4,0.954063009,"Ferland, J.",14C P vs. E curve,water,NA,niskin,NA,ice_camp_2015
B,360,2015-05-04,124,5,model1,0.357010083,0.0096055,3.44e-4,-0.017743532,0.305581228,31.81314999,125.0945388,1038.984988,4.46e-4,1.59e-5,0.014173486,9.88e-4,0.983336357,"Ferland, J.",14C P vs. E curve,water,NA,niskin,NA,ice_camp_2015
B,360,2015-05-04,124,20,model1,9.982815436,0.00129782,0.082683015,-0.018192747,0.057196044,44.0708611,119.7982317,120.7359875,6.02e-5,0.003835008,0.00265287,1.33e-5,0.995770668,"Ferland, J.",14C P vs. E curve,water,NA,niskin,NA,ice_camp_2015
B,360,2015-05-04,124,NA,model2,8.382021639,0.203290229,NA,-1.259820112,NA,NA,NA,NA,0.009429019,NA,NA,0.518031414,0.993058189,"Ferland, J.",14C P vs. E curve,ice,thin_snow,NA,NA,ice_camp_2015
B,360,2015-05-06,126,1.5,model2,0.247348596,0.011836881,NA,-0.075350094,NA,NA,NA,NA,3.68e-4,NA,NA,8.15e-4,0.979626749,"Ferland, J.",14C P vs. E curve,water,NA,niskin,NA,ice_camp_2015
B,360,2015-05-06,126,5,model1,0.259162977,0.013781367,1.79e-4,-0.083149156,0.241749821,17.54178809,81.90643746,1446.227942,4.28e-4,5.57e-6,0.007509789,0.001327373,0.959607958,"Ferland, J.",14C P vs. E curve,water,NA,niskin,NA,ice_camp_2015
B,360,2015-05-06,126,20,model2,0.038373703,0.001902029,NA,-0.010584936,NA,NA,NA,NA,5.91e-5,NA,NA,5.13e-5,0.948614318,"Ferland, J.",14C P vs. E curve,water,NA,niskin,NA,ice_camp_2015
B,360,2015-05-06,126,40,model1,5.951533231,4.88e-4,0.045911933,-0.011255781,0.023135564,47.4362321,128.9456477,129.6293318,1.52e-5,0.001426222,7.19e-4,2.31e-5,0.948299533,"Ferland, J.",14C P vs. E curve,water,NA,niskin,NA,ice_camp_2015
B,360,2015-05-06,126,NA,model1,3.990534364,0.084662475,0.006500308,-0.507828047,3.025852497,35.74018461,124.4729939,613.8992575,0.002629981,2.02e-4,0.093995991,0.018050555,0.99797932,"Ferland, J.",14C P vs. E curve,ice,thin_snow,NA,NA,ice_camp_2015
B,360,2015-05-12,132,1.5,model1,0.119440848,0.004391034,1.48e-4,-0.029607895,0.102920784,23.43884861,93.04083859,804.7223341,2.18e-4,7.37e-6,0.005112113,2.19e-4,0.971750099,"Ferland, J.",14C P vs. E curve,water,NA,niskin,NA,ice_camp_2015
B,360,2015-05-12,132,5,model1,9.999164772,0.00454637,0.110396701,-0.029997027,0.148441598,32.65057656,88.75949183,90.57485106,2.26e-4,0.005483444,0.007373148,0.0023608,0.890573882,"Ferland, J.",14C P vs. E curve,water,NA,niskin,NA,ice_camp_2015
B,360,2015-05-12,132,20,model1,9.99998202,0.001818199,0.091069876,-0.010861538,0.072721819,39.99661532,108.7238429,109.8055964,9.03e-5,0.004523474,0.003612119,1.3e-4,0.976550651,"Ferland, J.",14C P vs. E curve,water,NA,niskin,NA,ice_camp_2015
B,360,2015-05-12,132,40,model2,0.014628353,6.72e-4,NA,-0.008666774,NA,NA,NA,NA,3.34e-5,NA,NA,3.31e-6,0.959552368,"Ferland, J.",14C P vs. E curve,water,NA,niskin,NA,ice_camp_2015
B,360,2015-05-12,132,NA,model1,8.253514669,0.136008707,0.0290298,-0.717203855,4.693834984,34.51128294,105.459567,284.3117961,0.006755602,0.001441921,0.233144497,0.026401407000000002,0.998677819,"Ferland, J.",14C P vs. E curve,ice,thick_snow,NA,NA,ice_camp_2015
B,360,2015-05-14,134,1.5,model2,0.17779939,0.005802561,NA,-0.042344831,NA,NA,NA,NA,0.026315468,NA,NA,2.06e-4,0.991640798,"Ferland, J.",14C P vs. E curve,water,NA,niskin,NA,ice_camp_2015
B,360,2015-05-14,134,5,model2,0.111527885,0.006088538,NA,-0.038354519,NA,NA,NA,NA,0.032576445,NA,NA,2.23e-4,0.975650933,"Ferland, J.",14C P vs. E curve,water,NA,niskin,NA,ice_camp_2015
B,360,2015-05-14,134,20,model1,0.05730906,0.002770576,2.91e-5,-0.022272955,0.054061087,19.51258242,94.48685459,1972.162569,0.028860163,3.03e-4,0.563136318,1.5e-5,0.993406037,"Ferland, J.",14C P vs. E curve,water,NA,niskin,NA,ice_camp_2015
B,360,2015-05-14,134,NA,model1,10,0.387321824,0,-0.794217773,10,25.81832312,Inf,Inf,0.011427782,0,0.295046178,22.50983181,0.880779453,"Ferland, J.",14C P vs. E curve,ice,thick_snow,NA,"warning, value ""Inf"" detected",ice_camp_2015
B,360,2015-05-14,134,NA,model1,10,0.272182581,0.015788911,-2.087434817,7.986605464,29.34282366,106.6766876,633.3558913,0.008612747,5e-4,0.252722306,0.278793608,0.994498589,"Ferland, J.",14C P vs. E curve,ice,thin_snow,NA,NA,ice_camp_2015
B,360,2015-05-16,136,1.5,model2,0.138579068,0.002743275,NA,-0.01227207,NA,NA,NA,NA,0.011753534,NA,NA,7.37e-4,0.958318357,"Ferland, J.",14C P vs. E curve,water,NA,niskin,NA,ice_camp_2015
B,360,2015-05-16,136,5,model1,0.140617598,0.002816273,5.65e-4,-0.02338309,0.081797578,29.04461907,89.3329847,248.8714095,0.016654483,0.003341343,0.48372311,4.26e-4,0.93038068,"Ferland, J.",14C P vs. E curve,water,NA,niskin,NA,ice_camp_2015
B,360,2015-05-16,136,20,model1,0.039200476,0.002310875,3.25e-5,-0.016856282,0.036401676,15.75233775,72.58798297,1207.351129,0.028706516,4.03e-4,0.452194738,6.52e-5,0.939279916,"Ferland, J.",14C P vs. E curve,water,NA,niskin,NA,ice_camp_2015
B,360,2015-05-16,136,NA,model2,5.665129169,0.137265683,NA,-0.7809577,NA,NA,NA,NA,0.003473932,NA,NA,0.219206747,0.992885961,"Ferland, J.",14C P vs. E curve,ice,thin_snow,NA,NA,ice_camp_2015
B,360,2015-05-16,136,NA,model1,10,0.065526697,0.074483119,-0.379875723,2.283989556,34.85586251,96.3179973,134.2586091,0.004385751,0.004985211,0.152869148,0.006153884,0.998750182,"Ferland, J.",14C P vs. E curve,ice,thick_snow,NA,NA,ice_camp_2015
B,360,2015-05-18,138,1.5,model1,0.434609556,0.005868203,0.002049953,-0.041756729,0.200892708,34.23410883,100.0827601,212.009549,0.022003012,0.007686362,0.753253499,4.04e-4,0.987280091,"Ferland, J.",14C P vs. E curve,water,NA,niskin,NA,ice_camp_2015
B,360,2015-05-18,138,5,model1,0.225341367,0.007195126,5.46e-4,-0.050679282,0.171269389,23.80352753,83.04512915,412.6859585,0.024015776,0.00182255,0.571660176,6.1e-4,0.972657809,"Ferland, J.",14C P vs. E curve,water,NA,niskin,NA,ice_camp_2015
B,360,2015-05-18,138,20,model2,0.030725503,0.00162814,NA,-0.01720556,NA,NA,NA,NA,0.025802541,NA,NA,2.11e-5,0.968027714,"Ferland, J.",14C P vs. E curve,water,NA,niskin,NA,ice_camp_2015
B,360,2015-05-18,138,NA,model1,4.080649382,0.129438311,0.010802137,-0.63885883,3.040914748,23.49315845,80.82005637,377.7631439,0.008741607,7.3e-4,0.205367968,0.028238635,0.99518675,"Ferland, J.",14C P vs. E curve,ice,thick_snow,NA,NA,ice_camp_2015
B,360,2015-05-18,138,NA,model1,10,0.190014086,0.034621037,-1.124163292,6.016371626,31.66276645,98.41459342,288.8417217,0.007956684,0.001449727,0.251930613,0.107822272,0.996025846,"Ferland, J.",14C P vs. E curve,ice,thin_snow,NA,NA,ice_camp_2015
B,360,2015-05-20,140,1.5,model1,0.113882968,0.004127446,6.59e-5,-0.027143255,0.104896638,25.41442039,114.5724834,1726.924246,0.023084148,3.69e-4,0.586670235,9.73e-5,0.98962797,"Ferland, J.",14C P vs. E curve,water,NA,niskin,NA,ice_camp_2015
B,360,2015-05-20,140,5,model1,0.120457287,0.003659647,1.81e-4,-0.028227963,0.09871743,26.97457653,100.6206955,666.968896,0.020900326,0.001031434,0.563777439,1.69e-4,0.982101901,"Ferland, J.",14C P vs. E curve,water,NA,niskin,NA,ice_camp_2015
B,360,2015-05-20,140,NA,model1,10,0.150217212,0.030388165,-0.468970551,5.799726618,38.60893526,118.6456036,329.0754763,0.007225598,0.001461701,0.278972632,7.352159664,0.835344554,"Ferland, J.",14C P vs. E curve,ice,thin_snow,NA,NA,ice_camp_2015
B,360,2015-05-20,140,NA,model1,9.997090652,7e-4,6.91e-4,-0.14301544,2.522225161,3602.223576,9991.23594,14467.67778,7.25e-5,7.16e-5,0.261266084,0.006715765,0.985548142,"Ferland, J.",14C P vs. E curve,ice,thick_snow,NA,NA,ice_camp_2015
B,360,2015-05-22,142,1.5,model1,0.117161567,0.007534021,2.22e-5,-0.061561053,0.114832022,15.24179804,90.69698677,5289.173376,0.048922212,1.44e-4,0.745662481,2.32e-5,0.994997618,"Ferland, J.",14C P vs. E curve,water,NA,niskin,NA,ice_camp_2015
B,360,2015-05-22,142,5,model1,0.101846016,0.002618779,3.08e-4,-0.012375256,0.069914184,26.6972408,87.53973925,330.4332407,0.018572903,0.002185955,0.495845275,1.02e-4,0.972249138,"Ferland, J.",14C P vs. E curve,water,NA,niskin,NA,ice_camp_2015
B,360,2015-05-22,142,40,model2,0.03592813,0.001773233,NA,-0.020162708,NA,NA,NA,NA,0.029213059,NA,NA,3.42e-5,0.966471128,"Ferland, J.",14C P vs. E curve,water,NA,niskin,NA,ice_camp_2015
B,360,2015-05-22,142,20,model1,0.056126993,0.002759685,1.71e-4,-0.018522857,0.044302711,16.0535392,57.74480658,327.497751,0.023074289,0.001432954,0.370424009,2.81e-5,0.979720817,"Ferland, J.",14C P vs. E curve,water,NA,niskin,NA,ice_camp_2015
B,360,2015-05-22,142,NA,model1,10,0.427280745,0.009763892,2.116892295,8.96318501,20.97727342,88.96596165,1024.181744,0.007252454,1.66e-4,0.152136708,28.96696601,0.803200815,"Ferland, J.",14C P vs. E curve,ice,thin_snow,NA,NA,ice_camp_2015
B,360,2015-05-22,142,NA,model1,5.346787087,0.076296091,0.029331474,-0.216867608,2.359920233,30.93107678,89.78985596,182.2883886,0.004218918,0.001621932,0.130495675,0.043056955,0.991841177,"Ferland, J.",14C P vs. E curve,ice,thick_snow,NA,NA,ice_camp_2015
B,360,2015-05-25,145,1.5,model1,0.102065075,0.005805702,1.84e-5,-0.04672758,0.099905414,17.20815343,101.2396358,5554.475344,0.035293022,1.12e-4,0.607327744,1.53e-4,0.963454311,"Ferland, J.",14C P vs. E curve,water,NA,niskin,NA,ice_camp_2015
B,360,2015-05-25,145,5,model1,0.07625317,0.001901496,2.38e-4,-0.014131472,0.05147478,27.07068095,88.04354405,320.1942772,0.013719304,0.001718229,0.371390907,1.1e-4,0.943214646,"Ferland, J.",14C P vs. E curve,water,NA,niskin,NA,ice_camp_2015
B,360,2015-05-25,145,20,model1,0.033753652,0.001310712,3.91e-5,-0.012398451,0.029486399,22.49646968,91.17657182,862.3269571,0.016868884,5.04e-4,0.379490336,4.96e-5,0.938324131,"Ferland, J.",14C P vs. E curve,water,NA,niskin,NA,ice_camp_2015
B,360,2015-05-25,145,NA,model1,10,0.363499693,0.006490337,-1.221680002,9.140328047,25.14535288,111.2287475,1540.75197,0.009712374,1.73e-4,0.244221084,1.825608374,0.977261147,"Ferland, J.",14C P vs. E curve,ice,thin_snow,NA,NA,ice_camp_2015
B,360,2015-05-25,145,NA,model1,10,0.220458557,0.034286679,-0.482350932,6.335226845,28.73658857,90.9697992,291.658462,0.007331459,0.001140221,0.21068112,0.209554399,0.994444281,"Ferland, J.",14C P vs. E curve,ice,thick_snow,NA,NA,ice_camp_2015
B,360,2015-06-02,153,1.5,model2,0.065223868,0.002455519,NA,-0.010386148,NA,NA,NA,NA,0.019503725,NA,NA,2.34e-4,0.906258816,"Ferland, J.",14C P vs. E curve,water,NA,niskin,NA,ice_camp_2015
B,360,2015-06-02,153,5,model2,0.074793647,0.002752004,NA,-0.012806378,NA,NA,NA,NA,0.018953194,NA,NA,3.19e-5,0.989962087,"Ferland, J.",14C P vs. E curve,water,NA,niskin,NA,ice_camp_2015
B,360,2015-06-10,153,1.5,model2,0.447273051,0.011432883,NA,-0.107845144,NA,NA,NA,NA,0.039780388,NA,NA,0.002377504,0.984092874,"Ferland, J.",14C P vs. E curve,water,NA,niskin,NA,ice_camp_2015
B,360,2015-06-10,153,5,model2,0.204051327,0.005391937,NA,-0.043857937,NA,NA,NA,NA,0.01774247,NA,NA,0.001247347,0.969514973,"Ferland, J.",14C P vs. E curve,water,NA,niskin,NA,ice_camp_2015
B,360,2015-06-10,153,20,model1,9.982419562,0.001276132,0.085903378,0.00147995,0.054152293,42.4346996,115.3505179,116.2052034,0.015031005,1.011818356,0.63783619,7.15e-5,0.973661541,"Ferland, J.",14C P vs. E curve,water,NA,niskin,NA,ice_camp_2015
B,360,2015-06-10,153,40,model1,2.986292488,7.04e-4,0.034800761,-0.010763231,0.021987326,31.25277269,84.95526203,85.81112514,0.02695525,1.333362504,0.842426289,3.91e-5,0.83393043,"Ferland, J.",14C P vs. E curve,water,NA,niskin,NA,ice_camp_2015
B,360,2015-06-10,153,NA,model2,16.74407947,0.539933287,NA,-5.651814726,NA,NA,NA,NA,0.014583135,NA,NA,5.032884045,0.971651196,"Ferland, J.",14C P vs. E curve,ice,thin_snow,NA,NA,ice_camp_2015
B,360,2015-06-10,153,NA,model1,10,0.083843394,0.031756705,-0.733382507,4.446093332,53.02854645,154.1007435,314.8941342,0.003379831,0.001280152,0.179227549,0.164110896,0.990689053,"Ferland, J.",14C P vs. E curve,ice,thick_snow,NA,NA,ice_camp_2015
B,360,2015-06-12,155,1.5,model2,0.655332989,0.020877288,NA,-0.21909937,NA,NA,NA,NA,0.016927988,NA,NA,0.003461792,0.98500063,"Ferland, J.",14C P vs. E curve,water,NA,niskin,NA,ice_camp_2015
B,360,2015-06-12,155,5,model2,0.281279333,0.011143077,NA,-0.098107519,NA,NA,NA,NA,0.034595084,NA,NA,9.34e-4,0.97580106,"Ferland, J.",14C P vs. E curve,water,NA,niskin,NA,ice_camp_2015
B,360,2015-06-12,155,10,model2,0.192746889,0.007899534,NA,-0.072154543,NA,NA,NA,NA,0.044082223,NA,NA,5.68e-4,0.97296714,"Ferland, J.",14C P vs. E curve,water,NA,niskin,NA,ice_camp_2015
B,360,2015-06-12,155,20,model2,0.07524931,0.001977802,NA,-0.020903185,NA,NA,NA,NA,0.025652426,NA,NA,9.31e-4,0.801438786,"Ferland, J.",14C P vs. E curve,water,NA,niskin,NA,ice_camp_2015
B,360,2015-06-12,155,NA,model2,12.8345503,0.194211355,NA,-2.511456188,NA,NA,NA,NA,0.048452015,NA,NA,0.686589831,0.994768168,"Ferland, J.",14C P vs. E curve,ice,thin_snow,NA,NA,ice_camp_2015
B,360,2015-06-12,155,NA,model2,5.703425776,0.1032439,NA,-1.216379289,NA,NA,NA,NA,0.018598816,NA,NA,0.47373025,0.981648784,"Ferland, J.",14C P vs. E curve,ice,thick_snow,NA,NA,ice_camp_2015
B,360,2016-05-04,125,1.5,model1,0.038214512,2.64e-4,0,0.001272086,0.038214512,144.5827753,Inf,Inf,0.006368889,0,0.920831609,4.62e-5,0.936615192,"Ferland, J.",14C P vs. E curve,water,NA,niskin,"warning, value ""Inf"" detected",ice_camp_2016
B,360,2016-05-04,125,5,model2,0.020377509,5.03e-4,NA,-0.004248077,NA,NA,NA,NA,0.014181823,NA,NA,7.45e-6,0.974597118,"Ferland, J.",14C P vs. E curve,water,NA,niskin,NA,ice_camp_2016
B,360,2016-05-04,125,10,model1,0.024034735,0.001323678,2.26e-5,-0.008966306,0.022037379,16.64859504,74.20029649,1062.752987,0.048327053,8.26e-4,0.80457754,1.81e-5,0.89192697,"Ferland, J.",14C P vs. E curve,water,NA,niskin,NA,ice_camp_2016
B,360,2016-05-04,125,NA,model1,9.999942847,0.019697255,0.139368751,-0.201573119,0.485965092,24.67171599,67.11350731,71.7516857,2.89e-4,0.00204424,0.007128062,0.010720334,0.882532091,"Ferland, J.",14C P vs. E curve,ice,thick_snow,0-1 cm,NA,ice_camp_2016
B,360,2016-05-06,127,1.5,model2,0.042863592,7.23e-4,NA,-0.00934325,NA,NA,NA,NA,0.012043823,NA,NA,8.89e-5,0.942810828,"Ferland, J.",14C P vs. E curve,water,NA,niskin,NA,ice_camp_2016
B,360,2016-05-06,127,5,model2,0.018195117,4.92e-4,NA,-0.001477698,NA,NA,NA,NA,0.008197495,NA,NA,2.43e-5,0.888129002,"Ferland, J.",14C P vs. E curve,water,NA,niskin,NA,ice_camp_2016
B,360,2016-05-06,127,10,model1,0.044237093,0.001336729,6.56e-5,-0.01435808,0.036286254,27.1455482,101.356904,674.6478756,0.048803559,0.002393963,1.324799353,3.93e-5,0.935258639,"Ferland, J.",14C P vs. E curve,water,NA,niskin,NA,ice_camp_2016
B,360,2016-05-06,127,NA,model1,1.791146335,0.099578019,0.001585041,-0.890877246,1.650219268,16.57212391,74.75771243,1130.031365,0.015861212,2.52e-4,0.262853976,0.005602926,0.990179879,"Ferland, J.",14C P vs. E curve,ice,thick_snow,0-1 cm,NA,ice_camp_2016
B,360,2016-05-09,130,1.5,model2,0.044176921,0.002703657,NA,-0.021478838,NA,NA,NA,NA,0.045747155,NA,NA,1.69e-5,0.944779658,"Ferland, J.",14C P vs. E curve,water,NA,niskin,NA,ice_camp_2016
B,360,2016-05-09,130,5,model2,0.035763349,6.56e-4,NA,-1.45e-4,NA,NA,NA,NA,0.007846628,NA,NA,1.04e-4,0.900705596,"Ferland, J.",14C P vs. E curve,water,NA,niskin,NA,ice_camp_2016
B,360,2016-05-09,130,NA,model1,2.667733811,0.279306845,3.56e-4,-1.71183196,2.641780307,9.45834429,63.66632195,7488.669095,0.066200622,8.44e-5,0.626148276,0.022289639,0.970937685,"Ferland, J.",14C P vs. E curve,ice,thick_snow,0-1 cm,NA,ice_camp_2016
B,360,2016-05-11,132,1.5,model2,0.027840978,0.001077837,NA,-0.012189052,NA,NA,NA,NA,0.016232485,NA,NA,1.77e-5,0.959120713,"Ferland, J.",14C P vs. E curve,water,NA,niskin,NA,ice_camp_2016
B,360,2016-05-11,132,interface,model1,0.083101037,4.18e-4,3.93e-4,0.002777373,0.021681846,51.87054832,144.0775039,211.5572711,0.006551711,0.006156839,0.339840846,1.61e-5,0.954705845,"Ferland, J.",14C P vs. E curve,water,NA,niskin,NA,ice_camp_2016
B,360,2016-05-11,132,NA,model1,0.707225184,0.069173375,5.66e-4,-0.338663923,0.674382249,9.749159284,49.21378958,1249.076377,0.026722226,2.19e-4,0.260519242,0.002540105,0.953697413,"Ferland, J.",14C P vs. E curve,ice,thick_snow,0-1 cm,NA,ice_camp_2016
B,360,2016-05-13,134,interface,model2,0.128662865,8.16e-4,NA,-0.001752002,NA,NA,NA,NA,0.010868015,NA,NA,4.87e-4,0.943826355,"Ferland, J.",14C P vs. E curve,water,NA,niskin,NA,ice_camp_2016
B,360,2016-05-13,134,1.5,model2,0.072091416,0.001063763,NA,-0.013183648,NA,NA,NA,NA,0.015439229,NA,NA,6.87e-5,0.984593524,"Ferland, J.",14C P vs. E curve,water,NA,niskin,NA,ice_camp_2016
B,360,2016-05-13,134,5,model2,0.039945666,0.001231479,NA,-0.004943723,NA,NA,NA,NA,0.017127666,NA,NA,1.16e-4,0.909599162,"Ferland, J.",14C P vs. E curve,water,NA,niskin,NA,ice_camp_2016
B,360,2016-05-13,134,NA,model2,12.8251624,0.171834636,NA,-1.308726744,NA,NA,NA,NA,0.010650414,NA,NA,0.159784528,0.998421425,"Ferland, J.",14C P vs. E curve,ice,thick_snow,0-1 cm,NA,ice_camp_2016
B,360,2016-05-16,137,interface,model2,0.056645603,9.57e-4,NA,-0.01147337,NA,NA,NA,NA,0.01358833,NA,NA,1.29e-4,0.949505588,"Ferland, J.",14C P vs. E curve,water,NA,niskin,NA,ice_camp_2016
B,360,2016-05-16,137,1.5,model1,0.387230364,0.0025727,0.003844804,-0.032989562,0.072191578,28.06062686,77.10991792,100.7152446,0.042594373,0.063655693,1.195224797,3.45e-4,0.860451831,"Ferland, J.",14C P vs. E curve,water,NA,niskin,NA,ice_camp_2016
B,360,2016-05-16,137,5,model2,0.035301718,6.3e-4,NA,-0.003581865,NA,NA,NA,NA,0.010320881,NA,NA,7.76e-5,0.914181976,"Ferland, J.",14C P vs. E curve,water,NA,niskin,NA,ice_camp_2016
B,360,2016-05-16,137,NA,model1,1.866401213,0.194790772,6.77e-4,-1.142903464,1.823660392,9.362149828,54.28108082,2755.97488,0.076701576,2.67e-4,0.718091644,0.006063277,0.983946947,"Ferland, J.",14C P vs. E curve,ice,thick_snow,0-1 cm,NA,ice_camp_2016
B,360,2016-05-18,139,interface,model1,0.094479638,0.002019204,6.14e-5,0.014448658,0.082372764,40.79466829,164.8232743,1538.080506,0.015689232,4.77e-4,0.640037017,3.48e-4,0.940252023,"Ferland, J.",14C P vs. E curve,water,NA,niskin,NA,ice_camp_2016
B,360,2016-05-18,139,1.5,model1,NA,NA,NA,NA,NA,NA,NA,NA,NA,NA,NA,NA,NA,"Ferland, J.",14C P vs. E curve,water,NA,niskin,NA,ice_camp_2016
B,360,2016-05-18,139,5,model1,0.057686698,0.001853706,4.83e-5,-0.013026830999999999,0.051092239,27.56220908,114.3216771,1194.811712,0.028431078,7.41e-4,0.783623304,4.89e-5,0.969172706,"Ferland, J.",14C P vs. E curve,water,NA,niskin,NA,ice_camp_2016
B,360,2016-05-18,139,NA,model1,10,0.582383113,0.00402636,-5.060963956,9.595148512,16.47566405,85.53056432,2483.633021,0.029616994,2.05e-4,0.487959638,0.238051196,0.985115524,"Ferland, J.",14C P vs. E curve,ice,thick_snow,0-1 cm,NA,ice_camp_2016
B,360,2016-05-23,144,1.5,model1,0.067894456,0.004376048,1.14e-5,-0.03031899,0.0666758,15.23653416,92.35639756,5954.581118,0.058897008,1.53e-4,0.897386277,3.54e-4,0.733386118,"Ferland, J.",14C P vs. E curve,water,NA,niskin,NA,ice_camp_2016
B,360,2016-05-23,144,5,model1,0.070416354,0.001696359,5.06e-5,-0.015871129,0.06152802,36.27063548,147.055428,1392.98345,0.026756452,7.97e-4,0.970473501,6.05e-4,0.814333108,"Ferland, J.",14C P vs. E curve,water,NA,niskin,NA,ice_camp_2016
B,360,2016-05-23,144,10,model2,0.043437839,5.16e-4,NA,0.001121809,NA,NA,NA,NA,0.007947492,NA,NA,1.53e-5,0.990642881,"Ferland, J.",14C P vs. E curve,water,NA,niskin,NA,ice_camp_2016
B,360,2016-05-23,144,NA,model1,10,0.346161369,0.002221007,-2.081693219,9.619130714,27.78799594,146.0399759,4502.46142,0.024890121,1.6e-4,0.691646578,0.455778516,0.993534936,"Ferland, J.",14C P vs. E curve,ice,thick_snow,0-1 cm,NA,ice_camp_2016
B,360,2016-05-27,148,1.5,model1,9.999178065,0.002313195,0.054376124,-0.022513777,0.153237276,66.24487263,180.0852557,183.8891299,0.015598075,0.366663005,1.033292491,0.001635743,0.914572978,"Ferland, J.",14C P vs. E curve,water,NA,niskin,NA,ice_camp_2016
B,360,2016-05-27,148,5,model1,0.062543557,9.77e-4,4.61e-5,-4.71e-4,0.051601188,52.83326069,198.5216955,1357.61333,0.00899337,4.24e-4,0.475149062,5.36e-5,0.967524057,"Ferland, J.",14C P vs. E curve,water,NA,niskin,NA,ice_camp_2016
B,360,2016-05-27,148,10,model1,0.056805186,0.001307423,1.1e-4,-0.017517863,0.042278504,32.33728871,111.1504679,517.5951791,0.014690142,0.001233127,0.475039368,1.36e-4,0.892528487,"Ferland, J.",14C P vs. E curve,water,NA,niskin,NA,ice_camp_2016
B,360,2016-05-27,148,NA,model1,10,0.611861335,0.004655623,-4.508916551,9.562292844,15.62820249,79.85486103,2147.940455,0.036218534,2.76e-4,0.566030581,0.682551005,0.971063032,"Ferland, J.",14C P vs. E curve,ice,thick_snow,0-1 cm,NA,ice_camp_2016
B,360,2016-05-30,150,1.5,model1,0.132729957,0.0050524639999999996,3.63e-6,-0.026519271,0.131946858,26.11535051,190.1832279,36577.4574,0.031597646,2.27e-5,0.825183602,2.48e-4,0.973603745,"Ferland, J.",14C P vs. E curve,water,NA,niskin,NA,ice_camp_2016
B,360,2016-05-30,150,5,model1,9.986360721,0.00106607,0.046936258,4.67e-4,0.0825078,77.39432717,210.3840147,212.7643135,0.011047362,0.486386094,0.855003112,6.91e-4,0.875166012,"Ferland, J.",14C P vs. E curve,water,NA,niskin,NA,ice_camp_2016
B,360,2016-05-30,150,10,model1,0.045645931,9.73e-4,3.29e-5,-0.020598406,0.039333217,40.44371555,160.5457411,1388.72369,0.012452524,4.21e-4,0.503626337,7.75e-5,0.941226903,"Ferland, J.",14C P vs. E curve,water,NA,niskin,NA,ice_camp_2016
B,360,2016-05-30,150,NA,model1,7.746913007,0.422028453,0.006345337,-2.765438376,7.163782084,16.97464243,77.32212172,1220.882851,0.018445694,2.77e-4,0.313109055,0.239241663,0.97263921,"Ferland, J.",14C P vs. E curve,ice,thick_snow,0-1 cm,NA,ice_camp_2016
B,360,2016-06-01,153,1.5,model1,10,0.002140998,0.040959194,-0.032993055,0.187418533,87.53792793,237.9784973,244.1454275,0.014961552,0.286227773,1.309703236,0.001550463,0.93741301,"Ferland, J.",14C P vs. E curve,water,NA,niskin,NA,ice_camp_2016
B,360,2016-06-01,153,5,model1,0.119750974,0.002159074,8.66e-5,-0.03140722,0.101045144,46.80022496,180.583572,1383.389967,0.018501062,7.42e-4,0.865853845,0.001796122,0.795510603,"Ferland, J.",14C P vs. E curve,water,NA,niskin,NA,ice_camp_2016
B,360,2016-06-01,153,10,model2,0.05976978,0.00120886,NA,-0.013581861,NA,NA,NA,NA,0.013154081,NA,NA,1.02e-4,0.961158926,"Ferland, J.",14C P vs. E curve,water,NA,niskin,NA,ice_camp_2016
B,360,2016-06-01,153,NA,model1,10,0.269856758,0.010375242,-1.123027048,8.483550113,31.43723422,122.1461152,963.8329646,0.010726895,4.12e-4,0.337223901,2.707515479,0.938755931,"Ferland, J.",14C P vs. E curve,ice,thick_snow,0-1 cm,NA,ice_camp_2016
B,360,2016-06-03,155,NA,model1,10,0.264757088,6.28e-4,-0.441336428,9.834272112,37.14450935,228.3739259,15923.00035,0.02202633,5.22e-5,0.818157227,9.996741075,0.906190165,"Ferland, J.",14C P vs. E curve,ice,thick_snow,0-1 cm,NA,ice_camp_2016
B,360,2016-06-03,155,1.5,model1,0.38944697,0.005998516,2e-4,0.127292799,0.336188928,56.04535395,223.0585644,1951.153028,0.006414839,2.13e-4,0.3595219,9.73e-4,0.984666862,"Ferland, J.",14C P vs. E curve,water,NA,niskin,NA,ice_camp_2016
B,360,2016-06-03,155,5,model1,9.977489959,0.001518047,0.04555842,-0.007773147,0.120305907,79.25043832,215.43467,219.0043002,0.013211899,0.396504963,1.047048802,0.001056946,0.920514301,"Ferland, J.",14C P vs. E curve,water,NA,niskin,NA,ice_camp_2016
B,360,2016-06-03,155,10,model1,0.134819224,0.003609673,7.59e-5,-0.049724032,0.12168611,33.71111326,145.0016108,1775.428877,0.029563255,6.22e-4,0.996610234,5.23e-4,0.938998729,"Ferland, J.",14C P vs. E curve,water,NA,niskin,NA,ice_camp_2016
B,360,2016-06-06,158,1.5,model2,0.571482329,0.010213906,NA,-0.043483987,NA,NA,NA,NA,0.011567278,NA,NA,0.011408252,0.936952095,"Ferland, J.",14C P vs. E curve,water,NA,niskin,NA,ice_camp_2016
B,360,2016-06-06,158,5,model1,0.194035405,0.008690791,1.04e-4,-0.087152646,0.181791661,20.9177346,98.99942988,1859.377801,0.042208796,5.07e-4,0.882912391,9.28e-4,0.897106149,"Ferland, J.",14C P vs. E curve,water,NA,niskin,NA,ice_camp_2016
B,360,2016-06-06,158,10,model1,0.102251431,0.002058519,7.87e-5,-0.019748857,0.086800398,42.16643733,163.9689086,1298.437495,0.013862078,5.3e-4,0.584514464,2.9e-4,0.932128365,"Ferland, J.",14C P vs. E curve,water,NA,niskin,NA,ice_camp_2016
B,360,2016-06-06,158,NA,model1,5.478259959,0.176561414,0.001156295,-1.927433709,5.266078707,29.82576195,156.2227116,4737.768801,0.020447279,1.34e-4,0.609855683,0.149535274,0.988609994,"Ferland, J.",14C P vs. E curve,ice,thick_snow,0-1 cm,NA,ice_camp_2016
B,360,2016-06-08,160,1.5,model1,0.272059492,0.009703094,0,-0.114308957,0.272059492,28.03842651,Inf,Inf,0.028231289,0,0.791560931,0.001284971,0.955474275,"Ferland, J.",14C P vs. E curve,water,NA,niskin,"warning, value ""Inf"" detected",ice_camp_2016
B,360,2016-06-08,160,5,model1,0.092122624,0.001198553,9.27e-5,-0.012060741,0.069747345,58.19298189,202.4460052,993.6695705,0.00413722,3.2e-4,0.240757144,1.44e-4,0.951867819,"Ferland, J.",14C P vs. E curve,water,NA,niskin,NA,ice_camp_2016
B,360,2016-06-08,160,10,model1,0.226355631,0.010649513,1.78e-5,-0.137936828,0.223578862,20.99427958,135.9753293,12736.83159,0.095941562,1.6e-4,2.01422398,7.86e-4,0.950955647,"Ferland, J.",14C P vs. E curve,water,NA,niskin,NA,ice_camp_2016
B,360,2016-06-08,160,NA,model1,10,0.294358999,0.002561449,-2.219361968,9.512077489,32.31454628,161.4657987,3904.040042,0.00614357,5.35e-5,0.198526676,4.970602273,0.913269971,"Ferland, J.",14C P vs. E curve,ice,thick_snow,0-1 cm,NA,ice_camp_2016
B,360,2016-06-10,162,1.5,model1,0.166259861,0.002509412,3.45e-5,0.027632766,0.154599399,61.60782535,284.9984189,4824.360279,0.010991729,1.51e-4,0.677176517,6.77e-4,0.961709884,"Ferland, J.",14C P vs. E curve,water,NA,niskin,NA,ice_camp_2016
B,360,2016-06-10,162,5,model1,0.194156935,0.004951382,1.08e-4,-0.040478406,0.174654838,35.27395919,150.6774181,1789.868599,0.025275047,5.54e-4,0.891550985,0.002154954,0.858323696,"Ferland, J.",14C P vs. E curve,water,NA,niskin,NA,ice_camp_2016
B,360,2016-06-10,162,10,model1,0.129172317,0.005299099,7.47e-6,-0.06211128,0.127801473,24.11758375,160.0370042,17282.98249,0.041758072,5.89e-5,1.007103809,1.62e-4,0.963125797,"Ferland, J.",14C P vs. E curve,water,NA,niskin,NA,ice_camp_2016
B,360,2016-06-10,162,20,model1,0.139829267,0.005987721,4.69e-5,-0.064026928,0.13356125,22.30585561,113.4209676,2980.30306,0.049200669,3.86e-4,1.097463022,6.23e-5,0.979789385,"Ferland, J.",14C P vs. E curve,water,NA,niskin,NA,ice_camp_2016
B,360,2016-06-10,162,40,model1,9.992666511,0.001824765,0.04842172,-0.003939169,0.135978842,74.51855699,202.5739889,206.3674406,0.019027788,0.504918878,1.41792327,0.001324291,0.856926595,"Ferland, J.",14C P vs. E curve,water,NA,niskin,NA,ice_camp_2016
B,360,2016-06-10,162,NA,model2,6.949173099,0.215276803,NA,-2.109621702,NA,NA,NA,NA,0.016516491,NA,NA,0.810347161,0.967764922,"Ferland, J.",14C P vs. E curve,ice,thick_snow,0-1 cm,NA,ice_camp_2016
B,360,2016-06-13,165,1.5,model2,0.539300342,0.005802895,NA,-0.008556873,NA,NA,NA,NA,0.01592452,NA,NA,0.021384194,0.923176866,"Ferland, J.",14C P vs. E curve,water,NA,niskin,NA,ice_camp_2016
B,360,2016-06-13,165,5,model1,0.484649728,0.004461368,5.96e-4,-0.047837609,0.321338367,72.02687212,232.3376514,813.5278589,0.012688759,0.001694364,0.913931645,8.93e-4,0.986524868,"Ferland, J.",14C P vs. E curve,water,NA,niskin,NA,ice_camp_2016
B,360,2016-06-13,165,10,model1,0.197578263,0.002093576,9.03e-5,-0.021953656,0.165099163,78.85987219,300.6775849,2188.743917,0.009439028,4.07e-4,0.744360517,5.48e-4,0.979725096,"Ferland, J.",14C P vs. E curve,water,NA,niskin,NA,ice_camp_2016
B,360,2016-06-13,165,20,model1,0.145992227,0.001916031,1.5e-4,0.004173674,0.110268946,57.55070075,199.8645141,973.6095646,0.012235194,9.58e-4,0.704143972,3.57e-4,0.965399897,"Ferland, J.",14C P vs. E curve,water,NA,niskin,NA,ice_camp_2016
B,360,2016-06-13,165,40,model1,0.053108174,0.001870414,6.01e-6,-0.00909604,0.051969668,27.78510844,163.074755,8833.302228,0.033761993,1.09e-4,0.938080649,0.001200558,0.55701751,"Ferland, J.",14C P vs. E curve,water,NA,niskin,NA,ice_camp_2016
B,360,2016-06-13,165,NA,model1,10,0.169868724,0.001759296,-1.349812324,9.438934596,55.56605342,269.6444328,5684.090923,0.012170548,1.26e-4,0.676269328,0.702267191,0.991023899,"Ferland, J.",14C P vs. E curve,ice,thick_snow,0-1 cm,NA,ice_camp_2016
B,360,2016-06-15,167,1.5,model2,0.245702796,0.001254138,NA,0.047895798,NA,NA,NA,NA,0.003753782,NA,NA,0.003319116,0.958204361,"Ferland, J.",14C P vs. E curve,water,NA,niskin,NA,ice_camp_2016
B,360,2016-06-15,167,5,model1,9.999957795,0.002022219,0.030892389,-0.021888267,0.233220247,115.3288889,313.5489382,323.7029661,0.00823379,0.125783341,0.94959384,8.45e-4,0.981818522,"Ferland, J.",14C P vs. E curve,water,NA,niskin,NA,ice_camp_2016
B,360,2016-06-15,167,10,model1,0.122793171,0.002535426,0,-0.018318834,0.122793171,48.43097664,Inf,Inf,0.013854788,0,0.671000936,0.001659617,0.885588324,"Ferland, J.",14C P vs. E curve,water,NA,niskin,"warning, value ""Inf"" detected",ice_camp_2016
B,360,2016-06-15,167,20,model1,9.999838273,7.46e-4,0.037016026,0.004230979,0.073369857,98.39281371,267.4638306,270.1488877,0.006292684,0.312371528,0.619154909,3.14e-4,0.932627404,"Ferland, J.",14C P vs. E curve,water,NA,niskin,NA,ice_camp_2016
B,360,2016-06-15,167,40,model1,0.041906349,0.001328933,1.29e-5,-0.014390608,0.039674116,29.85410519,146.4656056,3249.045354,0.022991926,2.23e-4,0.686403392,2.75e-5,0.953419283,"Ferland, J.",14C P vs. E curve,water,NA,niskin,NA,ice_camp_2016
B,360,2016-06-15,167,NA,model2,2.258402216,0.042916087,NA,-0.379197337,NA,NA,NA,NA,0.003208635,NA,NA,0.082806297,0.981168884,"Ferland, J.",14C P vs. E curve,ice,thick_snow,0-1 cm,NA,ice_camp_2016
B,360,2016-06-17,169,1.5,model1,0.503278617,0.007236948,1.93e-4,-0.114671963,0.444734974,61.45338788,253.8794481,2607.935338,0.02591102,6.91e-4,1.592319991,0.005852081,0.952722597,"Ferland, J.",14C P vs. E curve,water,NA,niskin,NA,ice_camp_2016
B,360,2016-06-17,169,5,model1,0.41071438,0.008078326,5.69e-5,-0.107556848,0.393843895,48.75315762,252.3529262,7224.41033,0.027789219,1.96e-4,1.354812161,0.00449733,0.949033468,"Ferland, J.",14C P vs. E curve,water,NA,niskin,NA,ice_camp_2016
B,360,2016-06-17,169,10,model2,0.457074435,0.005265672,NA,-0.0896172,NA,NA,NA,NA,0.019154865,NA,NA,0.002138794,0.985046614,"Ferland, J.",14C P vs. E curve,water,NA,niskin,NA,ice_camp_2016
B,360,2016-06-17,169,20,model2,0.030805057,4.54e-4,NA,-0.005412508,NA,NA,NA,NA,0.002041902,NA,NA,1.07e-5,0.977854871,"Ferland, J.",14C P vs. E curve,water,NA,niskin,NA,ice_camp_2016
B,360,2016-06-17,169,40,model1,0.057817319,4.79e-4,1.27e-4,-0.005838765,0.030212544,63.13539926,188.9158981,456.2178246,0.00360072,9.54e-4,0.22733291,1.76e-4,0.778112256,"Ferland, J.",14C P vs. E curve,water,NA,niskin,NA,ice_camp_2016
B,360,2016-06-17,169,NA,model2,0.103576173,0.001413281,NA,-0.019381762,NA,NA,NA,NA,4.26e-4,NA,NA,1.24e-4,0.984502668,"Ferland, J.",14C P vs. E curve,ice,thick_snow,0-1 cm,NA,ice_camp_2016
B,360,2016-06-20,172,1.5,model1,0.075472806,0.001044552,4.16e-5,-0.010473569,0.06373806,61.01952898,235.705577,1814.051345,0.002622525,1.04e-4,0.160025256,3.62e-5,0.984214555,"Ferland, J.",14C P vs. E curve,water,NA,niskin,NA,ice_camp_2016
B,360,2016-06-20,172,5,model1,1.479217616,0.001129391,0.002258661,0.01799295,0.219152887,194.0451891,531.0805549,654.9091582,0.002577341,0.005154406,0.500120693,0.002346996,0.938670171,"Ferland, J.",14C P vs. E curve,water,NA,niskin,NA,ice_camp_2016
B,360,2016-06-20,172,10,model1,0.281127779,0.001873929,2.58e-4,-0.006526964,0.184691898,98.55865102,316.6456592,1088.229516,0.004553898,6.28e-4,0.448825997,4.1e-4,0.985902708,"Ferland, J.",14C P vs. E curve,water,NA,niskin,NA,ice_camp_2016
B,360,2016-06-20,172,20,model1,0.084608687,0.001127619,6.74e-5,-0.010594715,0.06722531,59.61703814,215.7104742,1254.790783,0.002836064,1.7e-4,0.169077742,2.16e-4,0.940235732,"Ferland, J.",14C P vs. E curve,water,NA,niskin,NA,ice_camp_2016
B,360,2016-06-20,172,40,model2,0.138411063,0.003794016,NA,-0.02009624,NA,NA,NA,NA,0.0134159,NA,NA,3.16e-4,0.960594581,"Ferland, J.",14C P vs. E curve,water,NA,niskin,NA,ice_camp_2016
B,360,2016-06-20,172,NA,model1,0.103447245,9.53e-4,3.26e-5,-6.78e-4,0.089016275,93.40363337,370.0309206,3173.279279,1.96e-4,6.7e-6,0.018295419,8.38e-4,0.892509717,"Ferland, J.",14C P vs. E curve,ice,thick_snow,0-1 cm,NA,ice_camp_2016
B,360,2016-06-22,174,1.5,model1,0.146715962,0.001962125,1.4e-5,-0.022971105,0.140631191,71.67289963,370.2658828,10500.45262,0.003776222,2.69e-5,0.270652792,0.001314931,0.897468903,"Ferland, J.",14C P vs. E curve,water,NA,niskin,NA,ice_camp_2016
B,360,2016-06-22,174,5,model1,0.763930589,0.015299188,2.87e-5,-0.188554362,0.75357284,49.25573973,313.6239801,26628.32673,0.03007507,5.64e-5,1.481369844,0.006341498,0.974397829,"Ferland, J.",14C P vs. E curve,water,NA,niskin,NA,ice_camp_2016
B,360,2016-06-22,174,10,model1,10,0.00943106,0.052249533,-0.097924764,0.609753714,64.65378508,175.9488233,191.3892708,0.019176616,0.106241425,1.239840817,0.013467233,0.952206613,"Ferland, J.",14C P vs. E curve,water,NA,niskin,NA,ice_camp_2016
B,360,2016-06-22,174,20,model1,1.756808427,0.009231032,0.003822004,-0.034026256,0.747147754,80.93869824,233.7542236,459.6563894,0.039180953,0.016222427,3.171255321,0.015896603,0.958001431,"Ferland, J.",14C P vs. E curve,water,NA,niskin,NA,ice_camp_2016
B,360,2016-06-22,174,40,model1,1.368835031,0.001694108,0.004702905,0.010375095,0.154314207,91.08876808,248.5810386,291.061585,0.0081691,0.022677718,0.744113254,0.001895175,0.901378401,"Ferland, J.",14C P vs. E curve,water,NA,niskin,NA,ice_camp_2016
B,360,2016-06-22,174,NA,model2,0.0799006,9.98e-4,NA,-0.010953887,NA,NA,NA,NA,1.99e-4,NA,NA,1.46e-4,0.973536836,"Ferland, J.",14C P vs. E curve,ice,thick_snow,0-1 cm,NA,ice_camp_2016
B,360,2016-06-24,176,1.5,model1,NA,NA,NA,NA,NA,NA,NA,NA,NA,NA,NA,NA,NA,"Ferland, J.",14C P vs. E curve,water,NA,niskin,NA,ice_camp_2016
B,360,2016-06-24,176,5,model2,0.965355919,0.007804893,NA,-0.130008034,NA,NA,NA,NA,0.007285441,NA,NA,0.005317294,0.99451308,"Ferland, J.",14C P vs. E curve,water,NA,niskin,NA,ice_camp_2016
B,360,2016-06-24,176,10,model1,1.974846022,0.022765801,2.38e-4,-0.294128231,1.863124702,81.83875064,396.4441398,8289.451283,0.024062785,2.52e-4,1.969268261,0.007913204,0.997256446,"Ferland, J.",14C P vs. E curve,water,NA,niskin,NA,ice_camp_2016
B,360,2016-06-24,176,20,model2,4.009410611,0.020553484,NA,-0.065044288,NA,NA,NA,NA,0.026860277,NA,NA,0.305177956,0.979403376,"Ferland, J.",14C P vs. E curve,water,NA,niskin,NA,ice_camp_2016
B,360,2016-06-24,176,40,model1,0.791746202,0.027280452,0,-0.329408096,0.791746202,29.02247363,Inf,Inf,0.055078643,0,1.598518477,0.007083856,0.967123717,"Ferland, J.",14C P vs. E curve,water,NA,niskin,"warning, value ""Inf"" detected",ice_camp_2016
B,360,2016-06-24,176,NA,model2,1.336963301,0.021486372,NA,-0.217565483,NA,NA,NA,NA,0.004134042,NA,NA,0.051243076,0.960745828,"Ferland, J.",14C P vs. E curve,ice,thick_snow,0-1 cm,NA,ice_camp_2016
B,360,2016-06-27,179,1.5,model1,0.302505606,0.004582941,2.63e-5,-0.072603419,0.291997496,63.71400471,341.0414566,11507.9783,0.00430687,2.47e-5,0.274407947,0.001507599,0.972020742,"Ferland, J.",14C P vs. E curve,water,NA,niskin,NA,ice_camp_2016
B,360,2016-06-27,179,10,model1,2.957642845,0.050933904,1.75e-4,-0.67584463,2.890469792,56.74942537,329.5345737,16867.34489,0.030439194,1.05e-4,1.727406796,0.042806078,0.990158101,"Ferland, J.",14C P vs. E curve,water,NA,niskin,NA,ice_camp_2016
B,360,2016-06-27,179,20,model1,0.533695722,0.010644961999999999,6.93e-5,-0.141498625,0.513127636,48.20380227,252.7367416,7702.306304,0.006129772,3.99e-5,0.295478312,0.001174976,0.987509943,"Ferland, J.",14C P vs. E curve,water,NA,niskin,NA,ice_camp_2016
B,360,2016-06-27,179,30,model1,1.827148754,0.060434872,3.7e-5,-0.692352366,1.817781017,30.0783464,223.7089071,49401.78916,0.047684135,2.92e-5,1.434259916,0.033259099,0.929913996,"Ferland, J.",14C P vs. E curve,water,NA,niskin,NA,ice_camp_2016
B,360,2016-06-27,179,60,model1,0.286576162,0.005948735,1.85e-4,0.006513246,0.249234071,41.89698363,168.6240614,1547.603516,0.01838299,5.72e-4,0.770191814,0.004134747,0.850530341,"Ferland, J.",14C P vs. E curve,water,NA,niskin,NA,ice_camp_2016
B,360,2016-06-27,179,NA,model1,0.202585963,0.00345359,3.37e-5,-0.051104581,0.19174742,55.52118057,272.1391461,6010.955195,0.001373399,1.34e-5,0.076252748,2.56e-4,0.985846996,"Ferland, J.",14C P vs. E curve,ice,thick_snow,0-1 cm,NA,ice_camp_2016
B,360,2016-06-29,181,1.5,model1,0.377375666,0.004720842,5.6e-6,-0.074180249,0.37392769,79.20784291,538.6347273,67386.93491,0.003827192,4.54e-6,0.303143648,6.47e-4,0.993430549,"Ferland, J.",14C P vs. E curve,water,NA,niskin,NA,ice_camp_2016
B,360,2016-06-29,181,10,model1,NA,NA,NA,NA,NA,NA,NA,NA,NA,NA,NA,NA,NA,"Ferland, J.",14C P vs. E curve,water,NA,niskin,NA,ice_camp_2016
B,360,2016-06-29,181,20,model1,2.496237369,0.059001469,3.32e-4,-0.587471073,2.410877767,40.86131751,219.3978369,7518.248999,1.069388483,0.006017857,43.69662234,0.081024032,0.960598027,"Ferland, J.",14C P vs. E curve,water,NA,niskin,NA,ice_camp_2016
B,360,2016-06-29,181,30,model1,2.604206793,0.064792118,6.08e-4,-0.716552843,2.469212094,38.10976069,188.0371334,4284.185658,0.044573554,4.18e-4,1.698687461,0.029550325,0.976780401,"Ferland, J.",14C P vs. E curve,water,NA,niskin,NA,ice_camp_2016
B,360,2016-06-29,181,60,model2,0.060881174,6.22e-4,NA,0.009412988,NA,NA,NA,NA,0.005392474,NA,NA,5.23e-4,0.873354892,"Ferland, J.",14C P vs. E curve,water,NA,niskin,NA,ice_camp_2016
B,360,2016-06-29,181,NA,model1,0.079541453,0.001038429,2e-5,-0.019920369,0.072283551,69.60856258,303.8389777,3968.438237,8.11e-4,1.57e-5,0.056473345,1.38e-4,0.962753163,"Ferland, J.",14C P vs. E curve,ice,thick_snow,0-1 cm,NA,ice_camp_2016
B,360,2016-07-01,183,1.5,model1,2.858580805,0.001778993,0.00479599,-0.029454706,0.330405634,185.7262281,506.9491488,596.0356504,0.001375971,0.003709482,0.255553897,7.18e-4,0.990551734,"Ferland, J.",14C P vs. E curve,water,NA,niskin,NA,ice_camp_2016
B,360,2016-07-01,183,10,model1,0.514936962,0.004815107,1.44e-4,-0.072945801,0.449626642,93.37832004,378.1742455,3565.248013,0.002761906,8.28e-5,0.257902169,0.002822086,0.977790269,"Ferland, J.",14C P vs. E curve,water,NA,niskin,NA,ice_camp_2016
B,360,2016-07-01,183,20,model1,0.62172447,0.010772459,2.34e-5,-0.137868961,0.612152588,56.82570461,353.9395359,26527.83551,0.005079432,1.11e-5,0.288642299,0.002301326,0.990559889,"Ferland, J.",14C P vs. E curve,water,NA,niskin,NA,ice_camp_2016
B,360,2016-07-01,183,30,model1,0.470886738,0.006071442,1.82e-4,-0.051129876,0.411240685,67.73360663,274.3973179,2590.21879,0.00380059,1.14e-4,0.257427659,9.08e-4,0.990561209,"Ferland, J.",14C P vs. E curve,water,NA,niskin,NA,ice_camp_2016
B,360,2016-07-01,183,60,model1,0.13929667,2.97e-4,3.48e-4,0.001598176,0.031170013,104.8665684,289.5847463,400.7224769,0.001723101,0.002015153,0.180695729,7.36e-5,0.898874376,"Ferland, J.",14C P vs. E curve,water,NA,niskin,NA,ice_camp_2016
B,360,2016-07-01,183,NA,model2,0.012739055000000001,6.26e-5,NA,-6.04e-4,NA,NA,NA,NA,1.87e-4,NA,NA,6.77e-6,0.959628316,"Ferland, J.",14C P vs. E curve,ice,thick_snow,0-1 cm,NA,ice_camp_2016
B,360,2016-07-04,186,1.5,model2,0.652186226,0.01272649,NA,-0.224340543,NA,NA,NA,NA,0.008478674,NA,NA,0.005693369,0.971416019,"Ferland, J.",14C P vs. E curve,water,NA,niskin,NA,ice_camp_2016
B,360,2016-07-04,186,10,model1,0.709844855,0.00979635,1.37e-4,-0.123052198,0.659255149,67.29599752,310.2267324,5169.129388,0.005685966,7.97e-5,0.382642724,0.00240709,0.99258145,"Ferland, J.",14C P vs. E curve,water,NA,niskin,NA,ice_camp_2016
B,360,2016-07-04,186,20,model1,0.919041437,0.010853601,3.54e-4,-0.051766015,0.795237648,73.26947182,292.6293769,2598.344923,0.00441796,1.44e-4,0.323701571,8.04e-4,0.99810532,"Ferland, J.",14C P vs. E curve,water,NA,niskin,NA,ice_camp_2016
B,360,2016-07-04,186,30,model1,0.622956523,0.010463386,1.04e-4,-0.135096593,0.589243898,56.31483923,275.3658211,6014.210121,0.005908513,5.85e-5,0.332736969,0.001639888,0.987077424,"Ferland, J.",14C P vs. E curve,water,NA,niskin,NA,ice_camp_2016
B,360,2016-07-04,186,60,model2,1.587677532,0.036419715,NA,-0.462558288,NA,NA,NA,NA,0.046147637,NA,NA,0.064777759,0.950446723,"Ferland, J.",14C P vs. E curve,water,NA,niskin,NA,ice_camp_2016
B,360,2016-07-04,186,NA,model1,0.28550146,0.004304555,8.06e-5,-0.067912793,0.260047852,60.41224732,265.0694361,3542.260735,0.002838442,5.31e-5,0.171476688,6.86e-4,0.984060613,"Ferland, J.",14C P vs. E curve,ice,thick_snow,0-1 cm,NA,ice_camp_2016
B,360,2016-07-06,188,1.5,model1,0.717944378,0.006126837,1.77e-4,-0.10696434,0.629510155,102.7463449,418.9273079,4065.806359,0.003331251,9.6e-5,0.342273899,0.021599706,0.942461854,"Ferland, J.",14C P vs. E curve,water,NA,niskin,NA,ice_camp_2016
B,360,2016-07-06,188,10,model2,0.614196243,0.006451564,NA,-0.12459084,NA,NA,NA,NA,0.003401109,NA,NA,0.002449544,0.991110419,"Ferland, J.",14C P vs. E curve,water,NA,niskin,NA,ice_camp_2016
B,360,2016-07-06,188,20,model1,0.595727173,0.008991962,1.12e-4,-0.131001079,0.557164782,61.96253639,291.6524303,5341.999844,0.005064468,6.28e-5,0.313807256,0.002105008,0.98859689,"Ferland, J.",14C P vs. E curve,water,NA,niskin,NA,ice_camp_2016
B,360,2016-07-06,188,30,model1,0.646699134,0.01223662,5.61e-5,-0.196830133,0.628030075,51.32381779,284.8183386,11523.08344,0.004667971,2.14e-5,0.239578117,0.003032885,0.980356888,"Ferland, J.",14C P vs. E curve,water,NA,niskin,NA,ice_camp_2016
B,360,2016-07-06,188,60,model2,0.224782256,0.003891467,NA,-0.023755989,NA,NA,NA,NA,0.003637565,NA,NA,0.001257213,0.956652127,"Ferland, J.",14C P vs. E curve,water,NA,niskin,NA,ice_camp_2016
B,360,2016-07-06,188,NA,model1,0.0605235,8.05e-4,1.69e-5,-0.017311162,0.054638904,67.90194305,292.1914619,3584.358572,0.001440231,3.02e-5,0.097794461,1.05e-4,0.946234708,"Ferland, J.",14C P vs. E curve,ice,thick_snow,0-1 cm,NA,ice_camp_2016
B,360,2016-07-08,190,1.5,model2,0.290115586,0.003038358,NA,-0.057433662,NA,NA,NA,NA,0.00315969,NA,NA,0.002144795,0.972217815,"Ferland, J.",14C P vs. E curve,water,NA,niskin,NA,ice_camp_2016
B,360,2016-07-08,190,10,model1,1.262826652,0.013073663,5.4e-4,-0.197008879,1.061391111,81.18544495,311.7327723,2338.604694,0.005877653,2.43e-4,0.477179837,0.044130847,0.951340797,"Ferland, J.",14C P vs. E curve,water,NA,niskin,NA,ice_camp_2016
B,360,2016-07-08,190,20,model1,1.109575923,0.013145982,1.82e-4,-0.24642758,1.03128928,78.44901061,362.4333763,6099.086942,0.005271043,7.29e-5,0.413508131,0.00364572,0.995289465,"Ferland, J.",14C P vs. E curve,water,NA,niskin,NA,ice_camp_2016
B,360,2016-07-08,190,30,model1,0.946170991,0.016933436,7.64e-5,-0.245350062,0.919235259,54.2852162,302.0616493,12389.08636,0.007613955,3.43e-5,0.41332520699999997,0.008424019,0.977250346,"Ferland, J.",14C P vs. E curve,water,NA,niskin,NA,ice_camp_2016
B,360,2016-07-08,190,60,model1,0.120047307,0.001793376,0,0.026084885,0.120047307,66.93930074,Inf,Inf,0.001852278,0,0.123990195,6.56e-4,0.936470189,"Ferland, J.",14C P vs. E curve,water,NA,niskin,"warning, value ""Inf"" detected",ice_camp_2016
B,360,2016-07-08,190,NA,model1,0.032295008,2.6e-4,1.07e-5,-0.004028022,0.027170476,104.4844652,401.6869126,3029.253156,9.65e-4,3.96e-5,0.100829741,2.32e-6,0.996688328,"Ferland, J.",14C P vs. E curve,ice,thick_snow,0-1 cm,NA,ice_camp_2016
